Hillary Clinton Said Nothing About the Economy in Her Speech http://www. breitbart.com/big-government /2016/07/29/hillary-clinton-said-nothing-economy-speech/ Š—_Hillary Clinton Said Nothing About the Economy in Her Speech http://www. breitbart.com/big-government /2016/07/29/hillary-clinton-said-nothing-economy-speech/ Š—_,-1
Can we just put Hillary and her supporters somewhere set it free then watch how fast the place collapses instead of doing it in the USofACan we just put Hillary and her supporters somewhere set it free,-1
Reuters is tweaking its presidential poll by conducting background polls to determine WHICH wording favors Hillary http://www. zerohedge.com/news/2016-07-2 9/why-reuters-tweaking-its-presidential-poll Š—_Reuters is tweaking its presidential poll by conducting background polls to determine WHICH wording favors Hillary http://www. zerohedge.com/news/2016-07-2 9/why-reuters-tweaking-its-presidential-poll Š—_ then watch how fast the place collapses instead of doing it in the USofA,-1
Thank you! #HillaryThank you! #Hillary,1
TV Ratings: Hillary Clinton's DNC Speech Falls Just Shy of Trump's With 33 Million Viewers http://www. hollywoodreporter.com/live-feed/tv-r atings-hillary-clintons-dnc-915706 Š—_ via @thrTV Ratings: Hillary Clinton's DNC Speech Falls Just Shy of Trump's With 33 Million Viewers http://www. hollywoodreporter.com/live-feed/tv-r atings-hillary-clintons-dnc-915706 Š—_ via @thr,-1
Our second big weekend--have you made your plans to see the movie that exposes Hillary & her Democratic gang? http:// hillarysamericathemovie.comOur second big weekend--have you made your plans to see the movie that exposes Hillary & her Democratic gang? http:// hillarysamericathemovie.com,-1
yes when are we gonna get the updated version with the Addition of Hillary ?yes when are we gonna get the updated version with the Addition of Hillary ?,0
"Crooked Hillary said that I ""couldn't handle the rough and tumble of a political campaign."" ReallyI just beat 16 people and am beating her!Crooked Hillary said that I ""couldn't handle the rough and tumble of a political campaign."" ReallyI just beat 16 people and am beating her!",-1
You will not vote for Hillary rotten Clinton #DemsInPhilly pic.twitter.com/Sq2KurwK0jYou will not vote for Hillary rotten Clinton #DemsInPhilly pic.twitter.com/Sq2KurwK0j,-1
Fire Marshal: It would be unsafe to let any more people in Donald Trump: You are a Hillary agent This is literally what just happenedFire Marshal: It would be unsafe to let any more people in Donald Trump: You are a Hillary agent This is literally what just happened,1
Donald Trump Is Picking A Fight With Hillary Clinton That He Will Lose via @politicususa http://www. politicususa.com/2016/07/29/don ald-trump-picking-fight-hillary-clinton-lose.html Š—_Donald Trump Is Picking A Fight With Hillary Clinton That He Will Lose via @politicususa http://www. politicususa.com/2016/07/29/don ald-trump-picking-fight-hillary-clinton-lose.html Š—_,1
Donald Trump's tone was darker than Hillary Clinton's. An analysis of convention speeches: http:// nyti.ms/2awCGG9 pic.twitter.com/AW4P6vQTLaDonald Trump's tone was darker than Hillary Clinton's. An analysis of convention speeches: http:// nyti.ms/2awCGG9 pic.twitter.com/AW4P6vQTLa,0
Our Founders came together to create one nation because they knew what we know: We are stronger together. Š—” HillaryOur Founders came together to create one nation because they knew what we know: We are stronger together. Š—” Hillary,1
Walmart's biz model relies on imports (or did). What's being a Hillary donor for? What is the US going to make? https:// twitter.com/primeeconomics /status/758989271353012224 Š—_Walmart's biz model relies on imports (or did). What's being a Hillary donor for? What is the US going to make? https:// twitter.com/primeeconomics /status/758989271353012224 Š—_,0
Bernie Sanders Delegates drop this Wikileaks Banner as Hillary Clinton speaks #DNCinPHL #DNCLeak #FeelTheBern pic.twitter.com/oVGkQIc4QuBernie Sanders Delegates drop this Wikileaks Banner as Hillary Clinton speaks #DNCinPHL #DNCLeak #FeelTheBern pic.twitter.com/oVGkQIc4Qu,0
Hillary ClintonŠ—Ès speech was remarkably without hard facts. But she made a few assertions that could be checked: http:// nyti.ms/2an9Xo7Hillary ClintonŠ—Ès speech was remarkably without hard facts. But she made a few assertions that could be checked: http:// nyti.ms/2an9Xo7,-1
Yeah. Hillary was such a success in Benghazi - she failed and then lied after heroes died. And she is proud of herself. Pathetic.Yeah. Hillary was such a success in Benghazi - she failed and then lied after heroes died. And she is proud of herself. Pathetic.,-1
In Hillary Clinton's America - things get worse. #TrumpPence16 pic.twitter.com/WdHbnhhCbWIn Hillary Clinton's America - things get worse. #TrumpPence16 pic.twitter.com/WdHbnhhCbW,-1
Ryan & Hillary : On TPPŠ—_HeŠ—Ès with Her! http://www. paulnehlen.com/ryan-hillary-o n-tpp-hes-with-her/ Š—_ pic.twitter.com/yMqnf4QQF9Ryan & Hillary : On TPPŠ—_HeŠ—Ès with Her! http://www. paulnehlen.com/ryan-hillary-o n-tpp-hes-with-her/ Š—_ pic.twitter.com/yMqnf4QQF9,0
"If fighting for affordable child care and paid family leave is playing the woman card, then deal me in!Š— Š—” Hillary pic.twitter.com/xdbNvUvcVC,759169178666409985""Women and girls from 6 to 102 on the impact of Hillary Š—Ès nomination http:// huff.to/2aaBMNc pic.twitter.com/VlP6uN8MNTIf fighting for affordable child care and paid family leave is playing the woman card, then deal me in!Š— Š—” Hillary pic.twitter.com/xdbNvUvcVC,759169178666409985""Women and girls",0
"Folks have taken their "" Hillary "" signs and filled in the letters so a four-letter word remains #DemsInPhilly pic.twitter.com/ZtiqbnKk0GFolks have taken their "" Hillary "" signs and filled in the letters so a four-letter word remains #DemsInPhilly pic.twitter.com/ZtiqbnKk0G from 6 to 102 on the impact of Hillary Š—Ès nomination http:// huff.to/2aaBMNc pic.twitter.com/VlP6uN8MNT",0
Conservatives discover that Hillary wants endless war in the Middle East and demographic replacement in the West. https:// twitter.com/DavidAFrench/s tatus/758707555044655105 Š—_Conservatives discover that Hillary wants endless war in the Middle East and demographic replacement in the West. https:// twitter.com/DavidAFrench/s tatus/758707555044655105 Š—_,-1
Inhumane treatment of Chelsea Manning 4 telling truth. Hillary nominated 4 POTUS while telling lies. #JusticeDies https:// twitter.com/_GreatUnwashed /status/758997714445017088 Š—_Inhumane treatment of Chelsea Manning 4 telling truth. Hillary nominated 4 POTUS while telling lies. #JusticeDies https:// twitter.com/_GreatUnwashed /status/758997714445017088 Š—_,-1
. @PeteHegseth : Donald Trump wants to defeat ISIS Hillary Clinton wants to defeat the weather https:// amp.twimg.com/v/4486a3fe-d24 0-4191-ada5-896cacaaf4e8 Š—_. @PeteHegseth : Donald Trump wants to defeat ISIS Hillary Clinton wants to defeat the weather https:// amp.twimg.com/v/4486a3fe-d24 0-4191-ada5-896cacaaf4e8 Š—_,-1
FINAL RATINGS: TRUMP 34.9M HILLARY 33.3M... http:// bit.ly/2aARS6AFINAL RATINGS: TRUMP 34.9M HILLARY 33.3M... http:// bit.ly/2aARS6A,0
@wikileaks -The corrupt Obama/ Hillary US Government wants this man dead. The American people pray for his safety. pic.twitter.com/14wOhA9qSk@wikileaks -The corrupt Obama/ Hillary US Government wants this man dead. The American people pray for his safety. pic.twitter.com/14wOhA9qSk,-1
IMPORTANT ENDORSEMENT >> Houston Chronicle endorses Hillary Clinton http:// thehill.com/blogs/blog-bri efing-room/289842-houston-chronicle-endorses-clinton#.V5vmAOeVYT4.twitter Š—_IMPORTANT ENDORSEMENT >> Houston Chronicle endorses Hillary Clinton http:// thehill.com/blogs/blog-bri efing-room/289842-houston-chronicle-endorses-clinton#.V5vmAOeVYT4.twitter Š—_,1
Say what you want about Hillary 's foreign policy but the Libya operation was efficient. We destroyed that nation in record time.Say what you want about Hillary 's foreign policy but the Libya operation was efficient. We destroyed that nation in record time.,-1
Who needs ethics or morals? #UnityIn5Words pic.twitter.com/EmMuoYYMDjWho needs ethics or morals? #UnityIn5Words pic.twitter.com/EmMuoYYMDj,-1
'We Beat Her by Millions': @realDonaldTrump Touts His Speech's Higher Ratings Over Hillary 's http:// bit.ly/2aDgKvE pic.twitter.com/xYGHmJEVPc'We Beat Her by Millions': @realDonaldTrump Touts His Speech's Higher Ratings Over Hillary 's http:// bit.ly/2aDgKvE pic.twitter.com/xYGHmJEVPc,0
In Hillary Clinton's America - things get worse. #TrumpPence16 pic.twitter.com/WdHbnhhCbWIn Hillary Clinton's America - things get worse. #TrumpPence16 pic.twitter.com/WdHbnhhCbW,-1
Donald Trump did not like Hillary ClintonŠ—Ès speech at the DNC Š—” and he's been railing about it on Twitter since http:// nyp.st/2a5bPTGDonald Trump did not like Hillary ClintonŠ—Ès speech at the DNC Š—” and he's been railing about it on Twitter since http:// nyp.st/2a5bPTG,0
Bill falls asleep when Hillary talks. What do you think happens to us?Bill falls asleep when Hillary talks. What do you think happens to us?,-1
Oh the irony... Did he just back Hillary ? K. Thought so https:// twitter.com/berniesanders/ status/759132578750173184 Š—_Oh the irony... Did he just back Hillary ? K. Thought so https:// twitter.com/berniesanders/ status/759132578750173184 Š—_,-1
How Hillary Embraced History http:// thkpr.gs/3803257 via @thinkprogressHow Hillary Embraced History http:// thkpr.gs/3803257 via @thinkprogress,1
I don't trust Hillary Clinton. #UnityIn5WordsI don't trust Hillary Clinton. #UnityIn5Words,-1
Hillary says: The hole on my tongue has been there ever since I uttered my 1st lies right after graduating lawschool pic.twitter.com/OIpcv39b9THillary says: The hole on my tongue has been there ever since I uttered my 1st lies right after graduating lawschool pic.twitter.com/OIpcv39b9T,-1
"Š—“No construiremos una muralla"" Š—” Hillary . #DemsInPhillyŠ—“No construiremos una muralla"" Š—” Hillary . #DemsInPhilly",0
but you don't have to. The organization didn't do that. The leadership did. And Hillary isn't in the DNC leadershipbut you don't have to. The organization didn't do that. The leadership did. And Hillary isn't in the DNC leadership,-1
We have the rights to own guns in our country and Crooked Hillary has no right to take that!We have the rights to own guns in our country and Crooked Hillary has no right to take that!,-1
All #Hillary supporters should go see @HillarysAmerica to see what the future would look with her as president! #ImWithHerAll #Hillary supporters should go see @HillarysAmerica to see what the future would look with her as president! #ImWithHer,1
In the primaries Hillary BEAT expectations only in states w/ unaccountable voting machines;FIGHT FOR PAPER BALLOTS! pic.twitter.com/O9HtV8b3nKIn the primaries Hillary BEAT expectations only in states w/ unaccountable voting machines;FIGHT FOR PAPER BALLOTS! pic.twitter.com/O9HtV8b3nK,-1
Hillary Devours Constitution Bill of Rights: Infowars Flash Contest http://www. infowars.com/infowars-flash -contest-hillary-devours-constitution-bill-of-rights/ Š—_ via @realalexjonesHillary Devours Constitution Bill of Rights: Infowars Flash Contest http://www. infowars.com/infowars-flash -contest-hillary-devours-constitution-bill-of-rights/ Š—_ via @realalexjones,0
bill: hey hill check this out hillary hey hillary hill hey hillary check this out hillary look what i hill hillary pic.twitter.com/MAbRFW1yeYbill: hey hill check this out hillary hey hillary hill hey hillary check this out hillary look what i hill hillary pic.twitter.com/MAbRFW1yeY,0
The Chamber of Commerce which spent $85 million lobbying last year seems to be warming up to Hillary Clinton. http:// bit.ly/2aaeW8gThe Chamber of Commerce which spent $85 million lobbying last year,
Hillary & @TimKaine take the stage in Philadelphia at their first campaign rally as the official Democratic ticket: http:// hrc.io/2aCOpFFHillary & @TimKaine take the stage in Philadelphia at their first campaign rally as the official Democratic ticket: http:// hrc.io/2aCOpFF seems to be warming up to Hillary Clinton. http:// bit.ly/2aaeW8g,0
No wonder #Trump feels so comfortable around Putin. I just don't get the basis that he can be calling Hillary crooked with his history. smhNo wonder #Trump feels so comfortable around Putin. I just don't get the basis that he can be calling Hillary crooked with his history. smh,1
Hillary Clinton Campaign Hacked as Part of DNC Cyber Attacks http://www. nbcnews.com/news/us-news/c linton-campaign-computer-system-was-hacked-report-n620051?cid=sm_fb Š—_Hillary Clinton Campaign Hacked as Part of DNC Cyber Attacks http://www. nbcnews.com/news/us-news/c linton-campaign-computer-system-was-hacked-report-n620051?cid=sm_fb Š—_,1
A long boring string of lies from Hillary 's speech. AP Fact Check: Misfires In Hillary 's Speech #ImWithHerNow ?? https://www. yahoo.com/news/ap-fact-c heck-misfires-hillary-071957518.html Š—_A long boring,-1
I attended the #DNC  here are my thoughts and drawings: Live-Drawing #Hillary Š—Ès Historic Convention http://www. newyorker.com/culture/cultur e-desk/live-drawing-hillarys-historic-convention Š—_ via @newyorkerI attended the #DNC  here are my thoughts and drawings: Live-Drawing #Hillary Š—Ès Historic Convention http://www. newyorker.com/culture/cultur e-desk/live-drawing-hillarys-historic-convention Š—_ via @newyorker string of lies from Hillary 's speech. AP Fact Check: Misfires In Hillary 's Speech #ImWithHerNow ?? https://www. yahoo.com/news/ap-fact-c heck-misfires-hillary-071957518.html Š—_,0
Crooked Hillary Clinton has destroyed jobs and manufacturing in Pennsylvania. Against steelworkers and miners. Husband signed NAFTA.Crooked Hillary Clinton has destroyed jobs and manufacturing in Pennsylvania. Against steelworkers and miners. Husband signed NAFTA.,-1
Trump is the dumbest Presidential Candidate or President. Hillary one of the smartest! http:// beta.wplol.us/smartest-and-d umbest-us-presidents-ranked-by-iq-score/12/ Š—_Trump is the dumbest Presidential Candidate or President. Hillary one of the smartest! http:// beta.wplol.us/smartest-and-d umbest-us-presidents-ranked-by-iq-score/12/ Š—_,1
"Hillary : ""We will not build a wall!"" Meanwhile just outside the DNC: Bringing Sanders supporters to heel. pic.twitter.com/FCfUczaYfgHillary : ""We will not build a wall!"" Meanwhile just outside the DNC: Bringing Sanders supporters to heel. pic.twitter.com/FCfUczaYfg",0
Friday's front page: Hillary Clinton accepts a historic Democratic presidential nomination pic.twitter.com/xXqqPKzcEgFriday's front page: Hillary Clinton accepts a historic Democratic presidential nomination pic.twitter.com/xXqqPKzcEg,0
must have been hard to post when you carry as much water for Hillary as you do....must have been hard to post when you carry as much water for Hillary as you do....,0
DEVELOPING: NRA Makes Massive Move Against Hillary &#8230; Spread This Everywhere http:// conservativetribune.com/nra-makes-move -against-hillary/?utm_source=Twitter&utm_medium=PostTopSharingButtons&utm_content=2016-07-29&utm_campaign=websitesharingbuttons Š—_DEVELOPING: NRA Makes Massive Move Against Hillary &#8230; Spread This Everywhere http:// conservativetribune.com/nra-makes-move -against-hillary/?utm_source=Twitter&utm_medium=PostTopSharingButtons&utm_content=2016-07-29&utm_campaign=websitesharingbuttons Š—_,-1
Hillary ClintonŠ—Ès speech was remarkably without hard facts. But she made a few assertions that could be checked: http:// nyti.ms/2an9Xo7Hillary ClintonŠ—Ès speech was remarkably without hard facts. But she made a few assertions that could be checked: http:// nyti.ms/2an9Xo7,-1
Hillary Clinton's Continuing Youth Problem... http:// on.gallup.com/2a2K0Lx pic.twitter.com/LW04EcxcejHillary Clinton's Continuing Youth Problem... http:// on.gallup.com/2a2K0Lx pic.twitter.com/LW04Ecxcej,0
The fact that people cheer Hillary saying we need to get money out of politics just shows how zombified those liberals are #DemsInPhillyThe fact that people cheer Hillary saying we need to get money out of politics just shows how zombified those liberals are #DemsInPhilly,0
I'd rather see Trump destroy the country that a liar like Hillary run it says the young healthy white male on my facebook feed today.I'd rather see Trump destroy the country that a liar like Hillary run it says the young healthy white male on my facebook feed today.,-1
RATINGS: More People Watched Donald TrumpŠ—Ès Acceptance Speech Than Hillary ... http:// ln.is/Lufc0 by @Bryan700 via #c0nveyRATINGS: More People Watched Donald TrumpŠ—Ès Acceptance Speech Than Hillary ... http:// ln.is/Lufc0 by @Bryan700 via #c0nvey,-1
Bill so sincere sleeping and snoring through Hillary 's historic speech. https://www. youtube.com/watch?v=LZvQkm APZoM Š—_ https:// twitter.com/rightsidejohn/ status/759073529132306432 Š—_Bill so sincere,0
Hillary Clinton blasted Donald Trump in her DNC speech last night http:// bloom.bg/2arXP6d pic.twitter.com/zzElToLgtHHillary Clinton blasted Donald Trump in her DNC speech last night http:// bloom.bg/2arXP6d pic.twitter.com/zzElToLgtH sleeping and snoring through Hillary 's historic speech. https://www. youtube.com/watch?v=LZvQkm APZoM Š—_ https:// twitter.com/rightsidejohn/ status/759073529132306432 Š—_,1
Tanya backs Hillary - regardless of the deals the crimes and the dollars https:// twitter.com/tanya_pliberse k/status/759176423516934144 Š—_Tanya backs Hillary - regardless of the deals the crimes and the dollars https:// twitter.com/tanya_pliberse k/status/759176423516934144 Š—_,1
Bernie's platform. Hillary Clinton's presidency. #UnityIn5Words #ImWithHerNow #StrongerTogetherBernie's platform. Hillary Clinton's presidency. #UnityIn5Words #ImWithHerNow #StrongerTogether,1
hillary votes republican pic.twitter.com/Ykdq7IGEQ6hillary votes republican pic.twitter.com/Ykdq7IGEQ6,0
I'm sure Hillary would like it scripted but Trump shoots from the hip. They agree on subject matter.I'm sure Hillary would like it scripted but Trump shoots from the hip. They agree on subject matter.,0
"Another ""Smoking Gun"" Looms As Hillary Campaign Admits Server Hacked | Zero Hedge http://www. zerohedge.com/news/2016-07-2 9/another-smoking-gun-looms-hillary-campaign-admits-server-hacked Š—_Another ""Smoking Gun"" Looms As Hillary Campaign Admits Server Hacked | Zero Hedge http://www. zerohedge.com/news/2016-07-2 9/another-smoking-gun-looms-hillary-campaign-admits-server-hacked Š—_",0
" Hillary Clinton and Her Hawks, by @GarethPorter excellent overview of what Hillary Syria policy may be https:// consortiumnews.com/2016/07/29/hil lary-clinton-and-her-hawks/ Š—_ Hillary Clinton and Her Hawks, by @GarethPorter excellent overview of what Hillary Syria policy may be https:// consortiumnews.com/2016/07/29/hil lary-clinton-and-her-hawks/ Š—_",1
@ChloeGMoretz @NancyPelosi #HILLARY #CLINTONS ... #EMAIL #HACKER FOUND #DEAD ...2016 https:// youtu.be/KPXIE3qnPBw via @YouTube #news #periscope #USA@ChloeGMoretz @NancyPelosi #HILLARY #CLINTONS ... #EMAIL #HACKER FOUND #DEAD ...2016 https:// youtu.be/KPXIE3qnPBw via @YouTube #news #periscope #USA,-1
6 Things You Need To Know About Hillary 's Democratic National Convention http://www. dailywire.com/news/7915/6-th ings-you-need-know-about-hillarys-democratic-ben-shapiro?utm_source=shapironewsletter&utm_medium=email&utm_content=070516-news-title&utm_campaign=lead-share#.V5vt8uuNu90.twitter Š—_6 Things You Need To Know About Hillary 's Democratic National Convention http://www. dailywire.com/news/7915/6-th ings-you-need-know-about-hillarys-democratic-ben-shapiro?utm_source=shapironewsletter&utm_medium=email&utm_content=070516-news-title&utm_campaign=lead-share#.V5vt8uuNu90.twitter Š—_,0
Ben Carson Talks Lucifer Hillary Clinton And Donald Trump In RNC Speech... https://www. youtube.com/watch?v=SoZptY IKiBk&feature=share Š—_Ben Carson Talks Lucifer Hillary Clinton And Donald Trump In RNC Speech... https://www. youtube.com/watch?v=SoZptY IKiBk&feature=share Š—_,0
DNC Speech: Hillary Clinton Deletes Foreign Policy Disasters as Secretary of State https:// counterjihadreport.com/2016/07/29/dnc -speech-hillary-clinton-deletes-foreign-policy-disasters-as-secretary-of-state/ Š—_ via @wordpressdotcomDNC Speech: Hillary Clinton Deletes Foreign Policy Disasters as Secretary of State https:// counterjihadreport.com/2016/07/29/dnc -speech-hillary-clinton-deletes-foreign-policy-disasters-as-secretary-of-state/ Š—_ via @wordpressdotcom,1
i don't like neither trump of clinton but cmon they're not comparable. hillary is an experienced politician donald is a jokei don't like neither trump of clinton but cmon they're not comparable. hillary is an experienced politician donald is a joke,1
Knowing how @HillaryClinton and @obama divided black and white and men in blue WHY would ANY of you want Hillary ? https:// twitter.com/FoxNews/status /759175853708156928 Š—_Knowing how @HillaryClinton and @obama divided black and white and men in blue WHY would ANY of you want Hillary ? https:// twitter.com/FoxNews/status /759175853708156928 Š—_,-1
Russia wouldn't bet on hurting Hillary before she got the nomination. That could've backfired If DNC did the right thing.Russia wouldn't bet on hurting Hillary before she got the nomination. That could've backfired If DNC did the right thing.,0
"@realDonaldTrump please expose Hillary 's Easter egg hunt comment when she referred to the kids as ""fucking retards""....@realDonaldTrump please expose Hillary 's Easter egg hunt comment when she referred to the kids as ""fucking retardsÓÓÉ.Ó,-1,Hillary es Mellie. Clinton le puso los cuernos. Fitz le puso los cuernos. Ahora las dos quieren ser presidentasHillary es Mellie. Clinton le puso los cuernos. Fitz le puso los cuernos. Ahora las dos quieren ser presidentas,,Judicial Watch president: Why itŠ—Ès essential that Hillary testify under oath about her private email servers | http://www. foxnews.com/opinion/2016/0 7/29/judicial-watch-president-why-it-s-essential-that-hillary-testify-under-oath-about-her-private-email-servers.html?utm_source=campaigner&utm_campaign=7-29-16_Weekly_Update&cmp=1&utm_medium=email Š—_Judicial Watch president: Why itŠ—Ès essential that Hillary testify under oath about her private email servers | http://www. foxnews.com/opinion/2016/0 7/29/judicial-watch-president-why-it-s-essential-that-hillary-testify-under-oath-about-her-private-email-servers.html?utm_source=campaigner&utm_campaign=7-29-16_Weekly_Update&cmp=1&utm_medium=email Š—_,,Read About The Horrific Ways Hillary Clinton Will Have Children Murdered If She Becomes President http:// shoebat.com/2016/07/29/rea d-about-the-horrific-ways-hillary-clinton-will-have-children-murdered-if-she-becomes-president/ Š—_ via @walidshoebatRead About The Horrific Ways Hillary Clinton Will Have Children Murdered If She Becomes President http:// shoebat.com/2016/07/29/rea d-about-the-horrific-ways-hillary-clinton-will-have-children-murdered-if-she-becomes-president/ Š—_ via @walidshoebat,,FBI now investigating Donald TrumpŠ—Ès Russian pals for hacking Hillary Clinton campaign data http://www. dailynewsbin.com/news/feds-now- investigating-donald-trumps-russian-pals-for-hacking-hillary-clinton-campaign Š—_ donny is going 2 jailFBI now investigating Donald TrumpŠ—Ès Russian pals for hacking Hillary Clinton campaign data http://www. dailynewsbin.com/news/feds-now- investigating-donald-trumps-russian-pals-for-hacking-hillary-clinton-campaign Š—_ donny is going 2 jail,,Let's hope it's a shift away from election fraud. Why are you not reporting the truth? Hillary and DNC rigged this primary electionLet's hope it's a shift away from election fraud. Why are you not reporting the truth? Hillary and DNC rigged this primary election,,#UnityIn5Words Hillary rots in prison forever.#UnityIn5Words Hillary rots in prison forever.,-1,Donald Trump speech beats Hillary Clinton in TV viewership (from @AP ) Dems Beat GOP. http:// bigstory.ap.org/2b3c70d6826346 929e74055cfe7701ab Š—_Donald Trump speech beats Hillary Clinton in TV viewership (from @AP ) Dems Beat GOP. http:// bigstory.ap.org/2b3c70d6826346 929e74055cfe7701ab Š—_,,Conservatives did not like Hillary Š—Ès speech did like her convention: http://www. slate.com/blogs/the_slat est/2016/07/29/conservatives_did_not_like_hillary_s_speech_did_like_her_convention.html?wpsrc=sh_all_mob_tw_bot Š—_ via @slateConservatives did not like Hillary Š—Ès speech did like her convention: http://www. slate.com/blogs/the_slat est/2016/07/29/conservatives_did_not_like_hillary_s_speech_did_like_her_convention.html?wpsrc=sh_all_mob_tw_bot Š—_ via @slate,,But nobody but Hillary supports watch it!But nobody but Hillary supports watch it!,,Pence Mocks Hillary for Speech That Put Her Husband to Sleep http:// townhall.com /Pence Mocks Hillary for Speech That Put Her Husband to Sleep http:// townhall.com /,,Why Hillary Clinton will be the Next President http:// youtu.be/iqX3cnQomX0?aWhy Hillary Clinton will be the Next President http:// youtu.be/iqX3cnQomX0?a,,@Matt_Mollinedo I will say it again Hillary boys do it better!@Matt_Mollinedo I will say it again Hillary boys do it better!,,EXCLUSIVE: How Hillary Clinton Mainstreamed Al Qaeda Fundraiser Abdurahman Alamoudi https:// pjmedia.com/homeland-secur ity/2016/07/27/exclusive-how-hillary-clinton-mainstreamed-al-qaeda-fundraiser-abdurahman-alamoudi/ Š—_ #HomelandSecurity @pjmedia_comEXCLUSIVE: How Hillary Clinton Mainstreamed Al Qaeda Fundraiser Abdurahman Alamoudi https:// pjmedia.com/homeland-secur ity/2016/07/27/exclusive-how-hillary-clinton-mainstreamed-al-qaeda-fundraiser-abdurahman-alamoudi/ Š—_ #HomelandSecurity @pjmedia_com,,Paris strikes astonishing partnership with secret Isis sponsor tied to Hillary Clinton http://www. thecanary.co/2016/07/29/par is-strikes-astonishing-partnership-secret-isis-sponsor-ties-hillary-clinton/ Š—_ via @thecanarysaysParis strikes astonishing partnership with secret Isis sponsor tied to Hillary Clinton http://www. thecanary.co/2016/07/29/par is-strikes-astonishing-partnership-secret-isis-sponsor-ties-hillary-clinton/ Š—_ via @thecanarysays,-1,Hillary Clinton's Campaign Server 'Hacked' http:// 33c.co/KXrwxp #News #Today #USAHillary Clinton's Campaign Server 'Hacked' http:// 33c.co/KXrwxp #News #Today #USA,,Being a woman is her fault too #Hillary 's knowledge hard work & determination connect w/ me #ClintonKaine16 https:// twitter.com/wmpreston/stat us/759022326046396416 Š—_Being a woman is her fault too #Hillary 's knowledge hard work & determination connect w/ me #ClintonKaine16 https:// twitter.com/wmpreston/stat us/759022326046396416 Š—_,1,Ain't all this FREE STUFF from HILLARY fabulous?! https:// twitter.com/iwf/status/759 106238558810112 Š—_Ain't all this FREE STUFF from HILLARY fabulous?! https:// twitter.com/iwf/status/759 106238558810112 Š—_,0,: LOL! DNC rigged the nomination for Hillary but you accuse GOP of rigging elections? Looking 4ward to the next WikiLeaks dump.: LOL! DNC rigged the nomination for Hillary but you accuse GOP of rigging elections? Looking 4ward to the next WikiLeaks dump.,0,Hillary was asked if she supports Obama's Plan 2 Bring 10K """"Refugees"""" in2 USA She Said she Would Increase it to 65K https://www. youtube.com/watch?v=aMqaIt zolOg&feature=youtu.be Š—_Hillary was asked if she supports Obama's Plan 2 Bring 10K """"Refugees"""" in2 USA She Said she Would Increase it to 65K https://www. youtube.com/watch?v=aMqaIt zolOg&feature=youtu.be Š—_Ó",-1
Just think Hillary as President would mean one of the most corrupt women in US History would hold the most powerful job. #scary #ImWithHerJust think Hillary as President would mean one of the most corrupt women in US History would hold the most powerful job. #scary #ImWithHer,1
Watch Hillary Clinton's full speech at the 2016 Democratic National Conv... https:// youtu.be/pnXiy4D_I8g via @YouTubeWatch Hillary Clinton's full speech at the 2016 Democratic National Conv... https:// youtu.be/pnXiy4D_I8g via @YouTube,0
"My beautiful son Donald turned to me after Hillary 's speech last night and said ""Daddy Crooked Hillary can't even keep her lies straight.""My beautiful son Donald turned to me after Hillary 's speech last night and said ""DaddyÓ,-1,Putin is so SCARED OF HILLARY . He would do anything to Put Puppet Trump in power. #I 'm with her all the wayPutin is so SCARED OF HILLARY . He would do anything to Put Puppet Trump in power. #I 'm with her all the way Crooked Hillary can't even keep her lies straight.ÓÓÓ",1